https://ichef.bbci.co.uk/news/1024/cpsprodpb/4b23/live/737ce450-d971-11ed-8df1-d74cbf1089d7.jpg,Joe Biden celebrates family ties in pub on Ireland tour,13/04/23 06:22,Inspirational,https://www.bbc.co.uk/news/articles/cyx0d0rk651o
https://ichef.bbci.co.uk/news/1024/cpsprodpb/4b23/live/737ce450-d971-11ed-8df1-d74cbf1089d7.jpg,Joe Biden celebrates family ties in pub on Ireland tour,13/04/23 06:22,Inspirational,https://www.bbc.co.uk/news/articles/cyx0d0rk651o
https://ichef.bbci.co.uk/news/2048/cpsprodpb/0317/production/_129319700_7d31042c0b0415e45580065a3a2cb47070b2e5bb.jpg,Joe Biden's Irish 'homecoming' could carry political weight,13/04/23 06:22,Sad,https://www.bbc.co.uk/news/uk-politics-65259211
https://ichef.bbci.co.uk/news/976/cpsprodpb/F4B4/production/_86744626_hi001804849.jpg,PC Sharon Beshenivsky death: Man extradited and charged with murder,13/04/23 06:22,Sad,https://www.bbc.co.uk/news/uk-england-leeds-65258849
https://ichef.bbci.co.uk/news/976/cpsprodpb/14340/production/_127925728_cea4567990287acdc7215071c17005f9efe32c7a.jpg,Prince Harry to attend coronation without Meghan,13/04/23 06:22,Sad,https://www.bbc.co.uk/news/uk-65255135
https://ichef.bbci.co.uk/news/976/cpsprodpb/2C13/production/_129338211_gettyimages-112504430.jpg,"Renting: Shortfall of properties creates frenzied market, surveyors say",13/04/23 06:22,Sad,https://www.bbc.co.uk/news/business-65252376
https://ichef.bbci.co.uk/news/976/cpsprodpb/3EC0/production/_129346061_gettyimages-1148474010.jpg,North Sea oil spills a wildlife threat - activists,13/04/23 06:22,Sad,https://www.bbc.co.uk/news/science-environment-65254022
https://ichef.bbci.co.uk/news/976/cpsprodpb/161C4/production/_129346509_gutafp.jpg,"Pentagon leaks: US thinks UN head Guterres too accommodating to Moscow, files suggest",13/04/23 06:22,Sad,https://www.bbc.co.uk/news/world-us-canada-65257957
https://ichef.bbci.co.uk/news/976/cpsprodpb/1F58/production/_129342080_gettyimages-1221189882.jpg,Study reveals cancer’s ‘infinite’ ability to evolve,13/04/23 06:22,Sad,https://www.bbc.co.uk/news/health-65252510
https://ichef.bbci.co.uk/news/976/cpsprodpb/2110/production/_129346480_gettyimages-1288027499.jpg,Ministers propose stricter rules for holiday lets,13/04/23 06:22,Sad,https://www.bbc.co.uk/news/uk-politics-65258629
https://ichef.bbci.co.uk/news/976/cpsprodpb/5946/production/_129345822_6df0d12bf4f91189adce92610ca0c3e3590c26ff0_0_1800_12011000x667.jpg,Trump sues former lawyer Michael Cohen for $500m,13/04/23 06:22,Sad,https://www.bbc.co.uk/news/world-us-canada-65256568
https://ichef.bbci.co.uk/news/976/cpsprodpb/17875/production/_129337369_a1.jpg,"Suella Braverman rhetoric fuels racism, claims Tory peer",13/04/23 06:22,Provoking,https://www.bbc.co.uk/news/uk-politics-65249872
https://ichef.bbci.co.uk/news/976/cpsprodpb/1664C/production/_129342719_stbreladesgv.jpg,"Covid: Staff propped up care homes without extra pay, says report",13/04/23 06:22,Sad,https://www.bbc.co.uk/news/uk-65250546
https://ichef.bbci.co.uk/news/976/cpsprodpb/0EE6/production/_129341830_juice-packing.jpg,Juice: Jupiter moons mission to assess chance of life,13/04/23 06:22,Sad,https://www.bbc.co.uk/news/science-environment-65254502
https://a1.api.bbc.co.uk/hit.xiti?&col=1&from=p&ptag=js&s=598253&p=world::us_and_canada::news.world.us_and_canada.live_coverage.65167022.page&x1=[urn:bbc:cps:7c4ad4b2-c21e-43b3-94f4-d9a3607ca63d]&x2=[responsive]&x3=[bbc_website]&x4=[en-gb]&x7=[live-event]&x8=[reverb-3.6.1-nojs]&x11=[news_ps]&x12=[NEWS],Biden begins Ireland trip after Belfast speech,13/04/23 06:22,Amusing,https://www.bbc.co.uk/news/live/world-us-canada-65167022
https://ichef.bbci.co.uk/news/976/cpsprodpb/30F6/production/_129343521_6fc7eb110ed9a916b428fba47ab75421ec2a7dbd.jpg,Joe Biden hails Northern Ireland young people on Belfast visit,13/04/23 06:23,Inspirational,https://www.bbc.co.uk/news/uk-northern-ireland-65208880
https://ichef.bbci.co.uk/news/976/cpsprodpb/4813/production/_129315481_14ca9a25b88a03c5e7702ca5bcc4d8dfe7fa1885.jpg,President Biden: Irish relatives eagerly awaiting 'cousin Joe',13/04/23 06:23,Inspirational,https://www.bbc.co.uk/news/uk-northern-ireland-65219409
https://ichef.bbci.co.uk/news/1024/cpsprodpb/4b23/live/737ce450-d971-11ed-8df1-d74cbf1089d7.jpg,Joe Biden celebrates family ties in pub on Ireland tour,13/04/23 06:23,Inspirational,https://www.bbc.co.uk/news/articles/cyx0d0rk651o
https://ichef.bbci.co.uk/news/2048/cpsprodpb/0317/production/_129319700_7d31042c0b0415e45580065a3a2cb47070b2e5bb.jpg,Joe Biden's Irish 'homecoming' could carry political weight,13/04/23 06:23,Sad,https://www.bbc.co.uk/news/uk-politics-65259211
https://ichef.bbci.co.uk/news/976/cpsprodpb/F4B4/production/_86744626_hi001804849.jpg,PC Sharon Beshenivsky death: Man extradited and charged with murder,13/04/23 06:23,Sad,https://www.bbc.co.uk/news/uk-england-leeds-65258849
https://ichef.bbci.co.uk/news/976/cpsprodpb/E211/production/_129337875_02651e15a903498db5f980e2f363e76ea0c2f9fa.jpg,Dáithí's Law: Rishi Sunak honours Belfast boy over organ donation,13/04/23 06:23,Sad,https://www.bbc.co.uk/news/uk-northern-ireland-65247208
https://ichef.bbci.co.uk/news/976/cpsprodpb/14340/production/_127925728_cea4567990287acdc7215071c17005f9efe32c7a.jpg,Prince Harry to attend coronation without Meghan,13/04/23 06:23,Sad,https://www.bbc.co.uk/news/uk-65255135
https://ichef.bbci.co.uk/news/976/cpsprodpb/2C13/production/_129338211_gettyimages-112504430.jpg,"Renting: Shortfall of properties creates frenzied market, surveyors say",13/04/23 06:23,Sad,https://www.bbc.co.uk/news/business-65252376
https://ichef.bbci.co.uk/news/976/cpsprodpb/3EC0/production/_129346061_gettyimages-1148474010.jpg,North Sea oil spills a wildlife threat - activists,13/04/23 06:23,Sad,https://www.bbc.co.uk/news/science-environment-65254022
https://ichef.bbci.co.uk/news/976/cpsprodpb/161C4/production/_129346509_gutafp.jpg,"Pentagon leaks: US thinks UN head Guterres too accommodating to Moscow, files suggest",13/04/23 06:23,Sad,https://www.bbc.co.uk/news/world-us-canada-65257957
https://ichef.bbci.co.uk/news/976/cpsprodpb/1F58/production/_129342080_gettyimages-1221189882.jpg,Study reveals cancer’s ‘infinite’ ability to evolve,13/04/23 06:23,Sad,https://www.bbc.co.uk/news/health-65252510
https://ichef.bbci.co.uk/news/976/cpsprodpb/2110/production/_129346480_gettyimages-1288027499.jpg,Ministers propose stricter rules for holiday lets,13/04/23 06:23,Sad,https://www.bbc.co.uk/news/uk-politics-65258629
https://ichef.bbci.co.uk/news/976/cpsprodpb/5946/production/_129345822_6df0d12bf4f91189adce92610ca0c3e3590c26ff0_0_1800_12011000x667.jpg,Trump sues former lawyer Michael Cohen for $500m,13/04/23 06:23,Sad,https://www.bbc.co.uk/news/world-us-canada-65256568
https://ichef.bbci.co.uk/news/976/cpsprodpb/17875/production/_129337369_a1.jpg,"Suella Braverman rhetoric fuels racism, claims Tory peer",13/04/23 06:23,Provoking,https://www.bbc.co.uk/news/uk-politics-65249872
https://ichef.bbci.co.uk/news/976/cpsprodpb/1664C/production/_129342719_stbreladesgv.jpg,"Covid: Staff propped up care homes without extra pay, says report",13/04/23 06:23,Sad,https://www.bbc.co.uk/news/uk-65250546
https://ichef.bbci.co.uk/news/976/cpsprodpb/0EE6/production/_129341830_juice-packing.jpg,Juice: Jupiter moons mission to assess chance of life,13/04/23 06:23,Sad,https://www.bbc.co.uk/news/science-environment-65254502
https://ichef.bbci.co.uk/news/976/cpsprodpb/10A44/production/_129346186_gettyimages-1251746498.jpg,Delicate diplomacy on show in Joe Biden's Belfast visit,13/04/23 06:23,Inspirational,https://www.bbc.co.uk/news/uk-northern-ireland-65244335
https://ichef.bbci.co.uk/images/ic/400xn/p0fgc213.jpg,Joe Biden's deep Irish connections explained,13/04/23 06:23,Inspirational,https://www.bbc.co.uk/news/world-europe-65259132
https://ichef.bbci.co.uk/news/976/cpsprodpb/3F72/production/_129324261_gettyimages-1247583671.jpg,Joe Biden's blink-and-you'll-miss-it visit to Northern Ireland,13/04/23 06:23,Inspirational,https://www.bbc.co.uk/news/uk-politics-65246488
https://ichef.bbci.co.uk/news/976/cpsprodpb/149B8/production/_126280448_gdpshopgettyimages-157284378.jpg,What is GDP and how is it measured?,13/04/23 06:23,Inspirational,https://www.bbc.co.uk/news/business-13200758
https://a1.api.bbc.co.uk/hit.xiti?&col=1&from=p&ptag=js&s=598253&p=bbc_news24::iplayer.tv.channels.bbc_news24.page&x1=[page]&x2=[responsive]&x3=[bbc_website]&x4=[en]&x7=[channel]&x8=[reverb-3.6.1-nojs]&x11=[iplayer]&x12=[bbc_news24],BBC News,13/04/23 06:23,Amusing,https://www.bbc.co.uk/iplayer/live/bbcnews
https://a1.api.bbc.co.uk/hit.xiti?&col=1&from=p&ptag=js&s=598253&p=unknown&x1=[page]&x2=[responsive]&x3=[bbc_website]&x4=[en]&x7=[player-live]&x8=[reverb-3.6.1-nojs]&x11=[sounds]&x12=[],Radio 4 - Listen Live - BBC Sounds,13/04/23 06:23,Amusing,https://www.bbc.co.uk/sounds/play/live:bbc_radio_fourfm
https://ichef.bbci.co.uk/news/976/cpsprodpb/7BE3/production/_127151713_mediaitem127151712.jpg,UK inflation rate calculator: How much are prices rising for you?,13/04/23 06:23,Sad,https://www.bbc.co.uk/news/business-62558817
https://ichef.bbci.co.uk/news/976/cpsprodpb/15731/production/_129175878_2_renting_cal_promo-976-nc.png,Rent prices: How much have they gone up in your area?,13/04/23 06:23,Provoking,https://www.bbc.co.uk/news/business-65103937
https://ichef.bbci.co.uk/news/976/cpsprodpb/15EF2/production/_128324898_gettyimages-1170678805.jpg,Cost of living: Five tips when asking for a pay rise,13/04/23 06:23,Inspirational,https://www.bbc.co.uk/news/business-64288791
https://ichef.bbci.co.uk/news/976/cpsprodpb/166A3/production/_128311819_fa290635-aed1-4dfe-b992-11ea4be1d193.jpg,Cost of living: What do I do if I can't afford to pay my debts?,13/04/23 06:23,Sad,https://www.bbc.co.uk/news/business-64291327
https://ichef.bbci.co.uk/news/976/cpsprodpb/8178/production/_127644133_gettyimages-1329759358.jpg,Income tax: How will thresholds change and what will I pay?,13/04/23 06:23,Inspirational,https://www.bbc.co.uk/news/explainers-63635185
https://ichef.bbci.co.uk/images/ic/400xn/p0fg8thy.jpg,Essex charity gardener heartbroken at salt sabotage,13/04/23 06:23,Inspirational,https://www.bbc.co.uk/news/uk-england-suffolk-65257519
https://ichef.bbci.co.uk/images/ic/400xn/p0fg9j0d.jpg,Arnold Schwarzenegger terminates neighbourhood pothole,13/04/23 06:23,Inspirational,https://www.bbc.co.uk/news/world-us-canada-65210127
https://ichef.bbci.co.uk/images/ic/400xn/p0fg973z.jpg,Planes struggle to land at Heathrow Airport due to high winds,13/04/23 06:23,Informative,https://www.bbc.co.uk/news/uk-65257407
https://ichef.bbci.co.uk/images/ic/400xn/p0fgbkqz.jpg,Nasa's JPL snake robot explores extreme terrain,13/04/23 06:23,Inspirational,https://www.bbc.co.uk/news/world-us-canada-65245054
https://ichef.bbci.co.uk/images/ic/400xn/p0fg65w5.jpg,Lorry tipped over in high winds on busy motorway,13/04/23 06:23,Amusing,https://www.bbc.co.uk/news/uk-england-manchester-65252194
https://ichef.bbci.co.uk/news/640/cpsprodpb/1226D/production/_105894347_grey_line-nc.png,Newspaper headlines: 'King's relief' Harry will fly home for coronation,13/04/23 06:23,Provoking,https://www.bbc.co.uk/news/blogs-the-papers-65258797
https://ichef.bbci.co.uk/news/976/cpsprodpb/6C19/production/_129337672_gettyimages-1464693965.jpg,Eurovision 2023: From Duncan Laurence to Måneskin - the song contest stars since 1998,13/04/23 06:23,Sad,https://www.bbc.co.uk/news/entertainment-arts-65239862
https://ichef.bbci.co.uk/news/976/cpsprodpb/633B/production/_129330452_vesily2.png,The 40-year-old British helicopter flying in Ukraine,13/04/23 06:23,Sad,https://www.bbc.co.uk/news/uk-65242823
https://ichef.bbci.co.uk/news/976/cpsprodpb/138A2/production/_129343008_64185dfe298da2a40b68cbc4879635ab70fca09e0_28_3500_19702000x1125.jpg,Why no breakthrough in the junior doctors' strike?,13/04/23 06:23,Sad,https://www.bbc.co.uk/news/health-65254226
https://ichef.bbci.co.uk/news/976/cpsprodpb/129BA/production/_129281267_martinkinyua.jpg,The bean that could change the taste of coffee,13/04/23 06:23,Inspirational,https://www.bbc.co.uk/news/business-65189695
https://ichef.bbci.co.uk/news/976/cpsprodpb/04A9/production/_129339110_2489e472-8237-4f5e-9f64-06e26d690e0c.jpg,Tuppence Middleton on OCD and playing Elizabeth Taylor,13/04/23 06:23,Inspirational,https://www.bbc.co.uk/news/entertainment-arts-65243019
https://ichef.bbci.co.uk/news/976/cpsprodpb/9834/production/_129346983_50909431-f659-4d52-b244-64fdb00994ad.jpg,Rajasthan: An error that sent Indian teen to death row for 25 years,13/04/23 06:23,Sad,https://www.bbc.co.uk/news/world-asia-india-65227790
https://ichef.bbci.co.uk/news/976/cpsprodpb/F2C0/production/_129344126_gettyimages-1230123015.jpg,Tesco cuts milk prices after wholesale costs fall,13/04/23 06:23,Sad,https://www.bbc.co.uk/news/business-65255643
https://ichef.bbci.co.uk/news/976/cpsprodpb/7FDE/production/_129343723_aaronbest.jpg,London Lions on EuroCup run making history for British basketball,13/04/23 06:23,Inspirational,https://www.bbc.co.uk/news/newsbeat-65256067
https://ichef.bbci.co.uk/news/976/cpsprodpb/156DC/production/_129327778_loganpaul2.jpg,Logan Paul: How far can YouTuber go as a WWE wrestler?,13/04/23 06:23,Sad,https://www.bbc.co.uk/news/newsbeat-65239790
https://ichef.bbci.co.uk/news/976/cpsprodpb/1852B/production/_129272699_haaland.jpg,Fantasy Premier League tips from the world's best FPL players,13/04/23 06:23,Inspirational,https://www.bbc.co.uk/news/newsbeat-65174876
https://ichef.bbci.co.uk/news/976/cpsprodpb/1297E/production/_129285167_img_6323blurred.jpg,Renting: Six out of 10 renters live in energy-inefficient homes,13/04/23 06:23,Sad,https://www.bbc.co.uk/news/newsbeat-65136313
https://ichef.bbci.co.uk/news/976/cpsprodpb/8D3E/production/_129285163_gettyimages-1480023984.jpg,KSI: YouTuber visits mosque after racial slur in Sidemen video,13/04/23 06:23,Sad,https://www.bbc.co.uk/news/newsbeat-65187225
https://a1.api.bbc.co.uk/hit.xiti?&col=1&from=p&ptag=js&s=598253&p=football::european::sport.football.european.story.65243061.page&x1=[urn:bbc:cps:4a547913-1bf3-48f0-8c80-f50f1d1fe67a]&x2=[responsive]&x3=[bbc_website]&x4=[en]&x7=[oppm]&x8=[reverb-3.6.1-nojs]&x11=[SPORT_PS]&x12=[SPORT],Real Madrid 2-0 Chelsea: Blues' Champions League ambitions dented by the holders,13/04/23 06:23,Amusing,https://www.bbc.co.uk/sport/football/65243061
https://a1.api.bbc.co.uk/hit.xiti?&col=1&from=p&ptag=js&s=598253&p=swimming::sport.swimming.story.65254877.page&x1=[urn:bbc:cps:51cf2026-a8ee-4275-86f1-7e94ab0070e1]&x2=[responsive]&x3=[bbc_website]&x4=[en]&x7=[article]&x8=[reverb-3.6.1-nojs]&x11=[SPORT_PS]&x12=[SPORT],World Aquatics Championships: Three-time Olympic champion Adam Peaty not in Great Britain squad,13/04/23 06:23,Amusing,https://www.bbc.co.uk/sport/swimming/65254877
https://a1.api.bbc.co.uk/hit.xiti?&col=1&from=p&ptag=js&s=598253&p=football::premier_league::man_utd::sport.football.premier_league.man_utd.story.65257850.page&x1=[urn:bbc:cps:a0dc1850-7984-422f-b339-d91df6b4831a]&x2=[responsive]&x3=[bbc_website]&x4=[en]&x7=[article]&x8=[reverb-3.6.1-nojs]&x11=[SPORT_PS]&x12=[SPORT],Thomas Zilliacus withdraws Man Utd bid and says decision to have third round of bidding a 'farce',13/04/23 06:23,Amusing,https://www.bbc.co.uk/sport/football/65257850
https://a1.api.bbc.co.uk/hit.xiti?&col=1&from=p&ptag=js&s=598253&p=football::premier_league::chelsea::sport.football.premier_league.chelsea.story.65259080.page&x1=[urn:bbc:cps:80688f57-415c-4bb9-9011-241f289c7837]&x2=[responsive]&x3=[bbc_website]&x4=[en]&x7=[article]&x8=[reverb-3.6.1-nojs]&x11=[SPORT_PS]&x12=[SPORT],Real Madrid 2-0 Chelsea: Frank Lampard says Blues can produce 'special' night in second leg,13/04/23 06:23,Amusing,https://www.bbc.co.uk/sport/football/65259080
https://a1.api.bbc.co.uk/hit.xiti?&col=1&from=p&ptag=js&s=598253&p=rugby_union::sport.rugby_union.story.65252916.page&x1=[urn:bbc:cps:5e98ef8e-e282-42c8-92c5-049e065b3746]&x2=[responsive]&x3=[bbc_website]&x4=[en]&x7=[article]&x8=[reverb-3.6.1-nojs]&x11=[SPORT_PS]&x12=[SPORT],Women's Six Nations 2023: England's Simon Middleton suggests goal-kicking rule change,13/04/23 06:23,Amusing,https://www.bbc.co.uk/sport/rugby-union/65252916
https://a1.api.bbc.co.uk/hit.xiti?&col=1&from=p&ptag=js&s=598253&p=gymnastics::sport.gymnastics.story.65258199.page&x1=[urn:bbc:cps:5e5e5b16-649b-4cc3-94fb-0858c7ff8f0c]&x2=[responsive]&x3=[bbc_website]&x4=[en]&x7=[article]&x8=[reverb-3.6.1-nojs]&x11=[SPORT_PS]&x12=[SPORT],European Artistic Gymnastics Championships: GB win first-ever team gold,13/04/23 06:23,Amusing,https://www.bbc.co.uk/sport/gymnastics/65258199
https://ichef.bbci.co.uk/images/ic/400xn/p0fg8lfq.jpg,MOTDx: Fulham's Antonee Robinson talks through some of his off-the-pitch talents,13/04/23 06:23,Inspirational,https://www.bbc.co.uk/sport/av/football/65256991
https://i.guim.co.uk/img/media/3ce465b17d8b181fef408c85dc323834c397b944/0_0_5000_3000/master/5000.jpg?width=465&quality=85&dpr=1&s=none,Revealed: official gifts to Royal family contained in £100m ‘private’ stamp collection,13/04/23 06:23,Inspirational,https://www.theguardian.com/uk-news/2023/apr/13/revealed-official-gifts-to-royal-family-contained-in-100m-private-stamp-collection
https://i.guim.co.uk/img/media/831bbf11fb589547d5e8ceff2266c08b406cf29e/0_1036_3024_2196/master/3024.jpg?width=465&quality=85&dpr=1&s=none,Rough life: lost dog returned home after epic 150-mile Alaskan sea-ice journey,13/04/23 06:23,Amusing,https://www.theguardian.com/us-news/2023/apr/12/alaska-dog-lost-found-wales-nanuq
https://i.guim.co.uk/img/media/dac8a6545f3b709cabf82754009750a4f596ced1/0_184_5045_3029/master/5045.jpg?width=465&quality=85&dpr=1&s=none,"UK in ‘rapidly escalating’ diabetes crisis as cases top 5m, report says",13/04/23 06:23,Amusing,https://www.theguardian.com/society/2023/apr/13/uk-in-rapidly-escalating-diabetes-crisis-as-cases-top-5m-report-says
https://i.guim.co.uk/img/media/5089bd75d6847ce3b050dd83bf3f058226209c12/0_81_4000_2399/master/4000.jpg?width=465&quality=85&dpr=1&s=none,"Council’s failures left disabled child in chronic pain for three years, watchdog finds",13/04/23 06:23,Sad,https://www.theguardian.com/society/2023/apr/13/council-failures-disabled-child-chronic-pain-three-years-watchdog
https://i.guim.co.uk/img/media/18d877bbd05b3d736b84573ea8df4a7bebfd1ad0/0_87_5568_3341/master/5568.jpg?width=465&quality=85&dpr=1&s=none,More house price drops expected despite signs of market stabilising,13/04/23 06:23,Amusing,https://www.theguardian.com/money/2023/apr/13/fall-house-prices-expected-continue-signs-market-stabilising
https://i.guim.co.uk/img/media/93121c6d16cc47d52b00060c3662b1b98a7ec8dd/0_1_6499_3900/master/6499.jpg?width=465&quality=85&dpr=1&s=none,"A&E staff in England struggling to spot abuse cases in infants, says watchdog",13/04/23 06:23,Amusing,https://www.theguardian.com/society/2023/apr/13/ae-staff-in-england-struggling-to-spot-abuse-cases-in-infants-says-watchdog
https://i.guim.co.uk/img/media/4d1796b6507cc01ca10f3f40dedf1bfbccea0ad6/0_0_6665_4000/master/6665.jpg?width=465&quality=85&dpr=1&s=none,Three alleged assault victims launch UK civil claim against Andrew Tate,13/04/23 06:23,Provoking,https://www.theguardian.com/news/2023/apr/12/three-alleged-assault-victims-launch-uk-civil-claim-against-andrew-tate
https://i.guim.co.uk/img/media/d5a956da0fefac638388c465c9074321a3b471ce/0_170_4000_2399/master/4000.jpg?width=465&quality=85&dpr=1&s=none,Holiday homes in England to need planning permission under new plans,13/04/23 06:23,Amusing,https://www.theguardian.com/society/2023/apr/12/uk-government-proposes-law-requiring-planning-permission-for-holiday-lets
https://i.guim.co.uk/img/media/7ec48dfc64110064306f5a15c1dcde22e95375ee/0_218_4000_2400/master/4000.jpg?width=465&quality=85&dpr=1&s=none,Calls for better care for asylum seekers after rise in diphtheria cases in Europe,13/04/23 06:23,Amusing,https://www.theguardian.com/uk-news/2023/apr/12/calls-for-better-care-for-asylum-seekers-after-rise-in-diphtheria-cases-in-europe
https://i.guim.co.uk/img/static/sys-images/Guardian/Pix/pictures/2015/1/28/1422439180039/f8deb38f-0283-45a0-87e9-7c2db48b8d9a-1020x612.png?width=1200&height=630&quality=85&auto=format&fit=crop&overlay-align=bottom%2Cleft&overlay-width=100p&overlay-base64=L2ltZy9zdGF0aWMvb3ZlcmxheXMvdGctZGVmYXVsdC5wbmc&s=894c877383167eed473f3867e2076ea1,Gary Lineker among donors to appeal after charity allotment vandalised,13/04/23 06:23,Amusing,https://www.theguardian.com/football/2023/apr/12/gary-lineker-donor-appeal-charity-allotment-vandalised
https://i.guim.co.uk/img/media/7e121810c181234d576b1b0755cc805af869b907/0_0_3945_2367/master/3945.jpg?width=465&quality=85&dpr=1&s=none,Tory peer urges Sunak to distance party from Braverman’s ‘racist rhetoric’,13/04/23 06:23,Amusing,https://www.theguardian.com/politics/2023/apr/12/tory-peer-warsi-accuses-suella-braverman-racist-rhetoric-grooming-gangs
https://i.guim.co.uk/img/media/55e9fecf7a2548b3cf159a026ef9d04d9e8e039a/0_61_2480_1489/master/2480.jpg?width=220&quality=85&dpr=1&s=none,Biden dangles $6bn investment if Northern Ireland power sharing agreed,13/04/23 06:23,Amusing,https://www.theguardian.com/uk-news/2023/apr/12/joe-biden-us-investment-northern-ireland-power-sharing
https://i.guim.co.uk/img/media/bb90550d972ac8ee0b834d6e9a16a3c688bde5e1/0_329_6720_4032/master/6720.jpg?width=465&quality=85&dpr=1&s=none,NHS bosses urge Steve Barclay to accept Acas role in dispute with junior doctors,13/04/23 06:23,Amusing,https://www.theguardian.com/society/2023/apr/12/nhs-bosses-urge-steve-barclay-to-accept-acas-role-in-dispute-with-junior-doctors
https://i.guim.co.uk/img/media/e98b1868ae70dc9e81e4813ffc9baed77c734e56/339_146_3062_1837/master/3062.jpg?width=465&quality=85&dpr=1&s=none,UK imposes sanctions on ‘enablers’ accused of helping Russian oligarchs,13/04/23 06:23,Amusing,https://www.theguardian.com/world/2023/apr/12/uk-imposes-sanctions-on-enablers-accused-of-helping-oligarchs-hide-assets
https://i.guim.co.uk/img/media/095b6fc17ebea201807edd22147f84b9c1dd605d/0_237_3500_2099/master/3500.jpg?width=465&quality=85&dpr=1&s=none,London’s mayor faces high court challenge over Ulez expansion,13/04/23 06:23,Amusing,https://www.theguardian.com/environment/2023/apr/12/londons-mayor-faces-high-court-challenge-over-ulez-expansion
https://i.guim.co.uk/img/media/81be373faefc35a41c6f3d44224cde58c3eb18cc/0_0_4000_2624/master/4000.jpg?width=465&quality=85&dpr=1&s=none,Donaldson refuses to endorse claim by DUP colleagues who say Biden is ‘anti-British’ – as it happened,13/04/23 06:23,Inspirational,https://www.theguardian.com/politics/live/2023/apr/12/joe-biden-us-president-northern-ireland-dup-ireland-rishi-sunak-uk-politics-latest
https://i.guim.co.uk/img/media/984589e56b68d8a676517820ba8d01255bd9109d/388_131_1610_965/master/1610.jpg?width=465&quality=85&dpr=1&s=none,Matt Hancock among three MPs placed under investigation by standards watchdog,13/04/23 06:23,Amusing,https://www.theguardian.com/politics/2023/apr/12/matt-hancock-among-three-mps-being-investigated-by-standards-watchdog
https://i.guim.co.uk/img/media/e3cd7dba5463aabd0a70a2870c3ef5ac5c536699/0_370_5751_3451/master/5751.jpg?width=465&quality=85&dpr=1&s=none,"UK still well off track on pledge to cut methane emissions, study says",13/04/23 06:23,Amusing,https://www.theguardian.com/environment/2023/apr/12/uk-off-track-on-pledge-to-cut-methane-emissions-study-30-per-cent-2030
https://i.guim.co.uk/img/media/d220fc57417cd4616dc2676d72f7c7deee79d6a0/164_1084_4348_2608/master/4348.jpg?width=465&quality=85&dpr=1&s=none,Inaction on diabetes has plunged the the UK into a wholly avoidable crisis,13/04/23 06:23,Amusing,https://www.theguardian.com/society/2023/apr/13/inaction-on-diabetes-has-plunged-the-the-uk-into-a-wholly-avoidable-crisis
https://i.guim.co.uk/img/media/04c854b70d8453934ce3cf41223e012109aa3ee6/0_75_3500_2100/master/3500.jpg?width=465&quality=85&dpr=1&s=none,"Harry yes, Meghan no: coronation plan fuels more speculation about royal rift",13/04/23 06:23,Amusing,https://www.theguardian.com/uk-news/2023/apr/12/prince-harry-meghan-coronation-royal-analysis
https://i.guim.co.uk/img/media/6f42befcf8a01fa7776723685cec67bbfa51bda8/0_7_3414_2048/master/3414.jpg?width=465&quality=85&dpr=1&s=none,"Tories hail Greek migration policies as an example. Instead, they should serve as a warning",13/04/23 06:23,Amusing,https://www.theguardian.com/global-development/2023/apr/12/tories-hail-greek-migration-policies-as-an-example-instead-they-should-serve-as-a-warning
https://i.guim.co.uk/img/media/ff49e9285d192c287be3f5b71469a77814f29302/0_138_5616_3370/master/5616.jpg?width=465&quality=85&dpr=1&s=none,How the tide turned against the CBI’s director general,13/04/23 06:23,Amusing,https://www.theguardian.com/business/2023/apr/11/how-the-tide-turned-against-cbi-director-general
https://i.guim.co.uk/img/media/3a85c07011157a618ced9b6f2a5020e37b5fc023/0_246_3000_1800/master/3000.jpg?width=465&quality=85&dpr=1&s=none,Is the UK true to its word on the prevention of torture?,13/04/23 06:23,Amusing,https://www.theguardian.com/law/2023/apr/11/is-the-uk-true-to-its-word-on-the-prevention-of-torture
https://i.guim.co.uk/img/media/3d2f01c9dc648503f19aed425ce93be5cb277fb8/0_371_5568_3341/master/5568.jpg?width=465&quality=85&dpr=1&s=none,Twin threats of rising rates and deglobalisation leave IMF spooked,13/04/23 06:23,Amusing,https://www.theguardian.com/business/2023/apr/11/imf-inflation-financial-stability-world-economic-outlook
https://i.guim.co.uk/img/media/372e2a4ac55ad244df341f2741d2321fcbbfc546/0_285_7692_4615/master/7692.jpg?width=465&quality=85&dpr=1&s=none,Labour’s attack ads risk painting Starmer as just another politician,13/04/23 06:23,Amusing,https://www.theguardian.com/politics/2023/apr/10/labours-attack-ads-risk-painting-starmer-as-just-another-politician
https://i.guim.co.uk/img/media/98cda1a10a029fe755cf7c87550897de5b8952e2/165_240_3969_2381/master/3969.jpg?width=465&quality=85&dpr=1&s=none,An imploding health service underpins junior doctors’ radicalisation,13/04/23 06:23,Amusing,https://www.theguardian.com/society/2023/apr/10/an-imploding-health-service-underpins-junior-doctors-radicalisation
https://i.guim.co.uk/img/media/9e710edd25fd424d42349388085569e25e4f92f1/53_174_3380_2029/master/3380.jpg?width=465&quality=85&dpr=1&s=none,What do the allegations published by the Guardian mean for the CBI?,13/04/23 06:23,Provoking,https://www.theguardian.com/business/2023/apr/08/what-do-the-allegations-published-by-the-guardian-mean-for-the-cbi
https://i.guim.co.uk/img/media/e673b294f0591677f3986fd5eeb4886e3932677a/0_0_4543_2726/master/4543.jpg?width=480&quality=85&dpr=1&s=none,"The royal clan: who’s who, what do they do and how much money do they get?",13/04/23 06:23,Sad,https://www.theguardian.com/uk-news/2023/apr/07/the-royal-clan-whos-who-what-do-they-do-and-how-much-money-do-they-get
https://i.guim.co.uk/img/media/b3bfa44f4ac7de669db2fe284df4b1d9807915c4/0_0_5616_3370/master/5616.jpg?width=465&quality=85&dpr=1&s=none,"Anne Perry, killer turned crime writer, dies aged 84",13/04/23 06:23,Amusing,https://www.theguardian.com/books/2023/apr/12/anne-perry-killer-turned-writer-dies-84
https://i.guim.co.uk/img/media/b1d25dda41cf43d4ca30cf71283f24d7ccc26cbb/0_112_5390_3233/master/5390.jpg?width=465&quality=85&dpr=1&s=none,Jah Shaka: dub and reggae pioneer at the helm of London sound system culture has died,13/04/23 06:23,Amusing,https://www.theguardian.com/music/2023/apr/12/jah-shaka-dub-and-reggae-pioneer-at-the-helm-of-london-sound-system-culture-has-died
https://i.guim.co.uk/img/media/51cd71ff959db8c68e21d2b4fd7384bc3671c059/0_415_4352_2611/master/4352.jpg?width=465&quality=85&dpr=1&s=none, Hot honey halloumi helps usher Everyman back into profit ,13/04/23 06:23,Amusing,https://www.theguardian.com/film/2023/apr/12/everyman-jump-admissions-return-profit-cinema
https://i.guim.co.uk/img/media/3cd311d2841bf1640b82bf298bddc47a1a14c1e7/0_396_6048_3628/master/6048.jpg?width=465&quality=85&dpr=1&s=none,"‘Even in the realms of extreme, it’s extreme’: how UK music festivals are planning for freak weather",13/04/23 06:23,Amusing,https://www.theguardian.com/music/2023/apr/12/freak-weather-affecting-music-festivals-standon-calling
https://i.guim.co.uk/img/media/fc5456158091537a671fc050c78a5ad20c36167e/67_90_5811_3487/master/5811.jpg?width=465&quality=85&dpr=1&s=none,Grenfell fire: National Theatre play to tell survivors’ stories,13/04/23 06:23,Amusing,https://www.theguardian.com/uk-news/2023/apr/12/grenfell-fire-national-theatre-play-to-tell-survivors-stories
https://i.guim.co.uk/img/media/8940b467daaf0a3fd2e14ffcb73153277603024b/310_6_5477_3286/master/5477.jpg?width=465&quality=85&dpr=1&s=none,Production begins on season two of House of the Dragon,13/04/23 06:23,Amusing,https://www.theguardian.com/tv-and-radio/2023/apr/11/production-begins-on-season-two-of-house-of-the-dragon
https://i.guim.co.uk/img/media/7b1cfdbcbab4c1dc187817979f6aad559a9b6bb6/51_264_4617_2772/master/4617.jpg?width=465&quality=85&dpr=1&s=none,Cineworld shareholders to be wiped out under bankruptcy plan,13/04/23 06:23,Amusing,https://www.theguardian.com/business/2023/apr/11/cineworld-investors-bankruptcy-plan-debt
https://i.guim.co.uk/img/media/983ed02b0458863e16e0a690c9056c45f007a467/0_155_4637_2782/master/4637.jpg?width=465&quality=85&dpr=1&s=none,Harvard to rename school after top Republican donor following $300m gift ,13/04/23 06:23,Amusing,https://www.theguardian.com/us-news/2023/apr/11/harvard-republican-donor-kenneth-griffin
https://i.guim.co.uk/img/media/ffe1d739578a57729493509544ace0dc4e3890bf/0_100_3000_1801/master/3000.jpg?width=465&quality=85&dpr=1&s=none,NASUWT members call for Ofsted abolition to end ‘reign of terror’,13/04/23 06:23,Inspirational,https://www.theguardian.com/education/2023/apr/10/nasuwt-members-call-for-ofsted-abolition-to-end-reign-of-terror
https://i.guim.co.uk/img/media/069cd6609fa343fcc2c324188f113487a0701792/0_134_3500_2101/master/3500.jpg?width=465&quality=85&dpr=1&s=none,"Give teachers in England a deal similar to nurses to avoid strikes, says union",13/04/23 06:23,Amusing,https://www.theguardian.com/education/2023/apr/09/give-teachers-englan-deal-similar-nurses-avoid-strikes-says-union
https://i.guim.co.uk/img/media/044c802a823c2f38d2b9560f877e990bb358aae2/0_365_6720_4032/master/6720.jpg?width=465&quality=85&dpr=1&s=none,Student faces deportation from UK after arriving early for course at university’s request,13/04/23 06:23,Amusing,https://www.theguardian.com/uk-news/2023/apr/08/student-to-be-deported-from-uk-after-arriving-early-for-course-at-universitys-request
https://i.guim.co.uk/img/media/32c5e78888ed90c547cee4a9bfcf124bd0b64e37/121_559_3890_2334/master/3890.jpg?width=465&quality=85&dpr=1&s=none,UK using more of its aid budget to house refugees than most donors in OECD,13/04/23 06:23,Amusing,https://www.theguardian.com/uk-news/2023/apr/12/uk-using-more-of-its-aid-budget-to-house-refugees-than-most-donors-in-oecd
https://i.guim.co.uk/img/media/dd8df988b72dcd7cf08feecf513f22615b02ec73/0_37_5184_3110/master/5184.jpg?width=465&quality=85&dpr=1&s=none,Junior doctors’ union asks Acas to help end strikes deadlock,13/04/23 06:23,Amusing,https://www.theguardian.com/society/2023/apr/12/junior-doctors-union-acas-strikes-deadlock-pay
https://i.guim.co.uk/img/media/c0b0ec45321463a0368e65e02ea52e94d1e5579e/0_191_5612_3367/master/5612.jpg?width=465&quality=85&dpr=1&s=none,‘Joining the picket line is a last stand’: junior doctors on the four-day strike,13/04/23 06:23,Provoking,https://www.theguardian.com/society/2023/apr/12/junior-doctors-views-four-day-strike-england
https://i.guim.co.uk/img/media/4469ced42f3e985979359623a0cbdc10b0011d85/0_131_2048_1229/master/2048.jpg?width=465&quality=85&dpr=1&s=none,Hikers high on magic mushrooms rescued in Lake District,13/04/23 06:23,Amusing,https://www.theguardian.com/uk-news/2023/apr/11/hikers-high-on-magic-mushrooms-rescued-by-keswick-mountain-rescue
https://i.guim.co.uk/img/media/dd8df988b72dcd7cf08feecf513f22615b02ec73/0_37_5184_3110/master/5184.jpg?width=220&quality=85&dpr=1&s=none,Junior doctors’ strike: hospitals ‘worried about overnight patient safety’,13/04/23 06:23,Controversial,https://www.theguardian.com/society/2023/apr/11/junior-doctors-strike-hospital-bosses-worried-about-overnight-patient-care
https://i.guim.co.uk/img/static/sys-images/Guardian/Pix/pictures/2015/1/28/1422439180039/f8deb38f-0283-45a0-87e9-7c2db48b8d9a-1020x612.png?width=1200&height=630&quality=85&auto=format&fit=crop&overlay-align=bottom%2Cleft&overlay-width=100p&overlay-base64=L2ltZy9zdGF0aWMvb3ZlcmxheXMvdGctZGVmYXVsdC5wbmc&s=894c877383167eed473f3867e2076ea1,                    'Sign of weakness': Truss criticises Von der Leyen and Macron for visiting China  – video                ,13/04/23 06:23,Informative,https://www.theguardian.com/world/video/2023/apr/12/truss-criticises-von-der-leyen-and-macron-for-visiting-china-mistake-video
https://i.guim.co.uk/img/static/sys-images/Guardian/Pix/pictures/2015/1/28/1422439180039/f8deb38f-0283-45a0-87e9-7c2db48b8d9a-1020x612.png?width=1200&height=630&quality=85&auto=format&fit=crop&overlay-align=bottom%2Cleft&overlay-width=100p&overlay-base64=L2ltZy9zdGF0aWMvb3ZlcmxheXMvdGctZGVmYXVsdC5wbmc&s=894c877383167eed473f3867e2076ea1,                    'I hope it happens': Biden calls for Northern Ireland assembly to be restored – video                ,13/04/23 06:23,Informative,https://www.theguardian.com/us-news/video/2023/apr/12/i-hope-it-happens-biden-calls-for-northern-ireland-assembly-to-be-restored-video
https://i.guim.co.uk/img/static/sys-images/Guardian/Pix/pictures/2015/1/28/1422439180039/f8deb38f-0283-45a0-87e9-7c2db48b8d9a-1020x612.png?width=1200&height=630&quality=85&auto=format&fit=crop&overlay-align=bottom%2Cleft&overlay-width=100p&overlay-base64=L2ltZy9zdGF0aWMvb3ZlcmxheXMvdGctZGVmYXVsdC5wbmc&s=894c877383167eed473f3867e2076ea1,                Ramadan prayers and a sulphur-crested cockatoo: Wednesday’s best photos            ,13/04/23 06:23,Amusing,https://www.theguardian.com/news/gallery/2023/apr/12/ramadan-prayers-cockatoo-wednesday-best-photos
https://i.guim.co.uk/img/media/217ae5091c1d9149c667812b31bf7b663b89b659/0_357_1267_760/master/1267.jpg?width=465&quality=85&dpr=1&s=none,"Man, 74, extradited from Pakistan and charged with murder of PC Sharon Beshenivsky",13/04/23 06:23,Amusing,https://www.theguardian.com/uk-news/2023/apr/12/man-74-extradited-from-pakistan-and-charged-with-murder-of-pc-sharon-beshenivsky
https://i.guim.co.uk/img/media/3941e7c5cc40cfcc9276ca33b6309bb59e90e23a/0_120_1933_1160/master/1933.jpg?width=465&quality=85&dpr=1&s=none,Prince Harry to attend king’s coronation but Meghan to stay in California ,13/04/23 06:23,Amusing,https://www.theguardian.com/uk-news/2023/apr/12/prince-harry-to-attend-kings-coronation-but-meghan-to-stay-in-california
https://i.guim.co.uk/img/media/c415795708068c6d5e7a8e71c469ebd088dae53a/0_1213_1921_1152/master/1921.jpg?width=465&quality=85&dpr=1&s=none,Unseen Camilla: the five ages of a future queen – from mistress to monarchy,13/04/23 06:23,Amusing,https://www.theguardian.com/uk-news/2023/apr/13/unseen-camilla-the-five-ages-of-a-future-queen-from-mistress-to-monarchy
https://i.guim.co.uk/img/media/e56bb04f2571fd144e2d38974d45ae1b0c30cac3/0_270_634_380/master/634.jpg?width=465&quality=85&dpr=1&s=none,Eleanor Williams jailed for eight and a half years after rape and trafficking lies,13/04/23 06:23,Inspirational,https://www.theguardian.com/uk-news/2023/mar/14/eleanor-williams-jailed-lying-rapes-trafficking
https://i.guim.co.uk/img/media/483293d41165f95bf354582e1faf1c3f341fe7d9/0_344_5192_3117/master/5192.jpg?width=465&quality=85&dpr=1&s=none,"Visitors to New Forest to be fined up to £1,000 for petting ponies ",13/04/23 06:23,Amusing,https://www.theguardian.com/lifeandstyle/2023/apr/12/visitors-to-new-forest-to-be-fined-up-to-1000-for-petting-ponies
https://i.guim.co.uk/img/media/22dea911c7688863a25dd1d3e20a3d3b0c3a0c00/0_0_4672_2803/master/4672.jpg?width=465&quality=85&dpr=1&s=none,Ritz job applicant informed of afro hair ban says hotel apology ‘disingenuous’,13/04/23 06:23,Amusing,https://www.theguardian.com/uk-news/2023/apr/12/ritz-job-applicant-rejected-afro-hair-apology-disingenuous-jerelle-jules
https://e3.365dm.com/23/02/768x432/skynews-andrew-tate-tristan_6071665.jpg?20230227103650,Andrew Tate: Three women to sue influencer claiming he raped and abused them,13/04/23 06:23,Provoking,https://news.sky.com/story/andrew-tate-three-women-to-sue-influencer-claiming-he-raped-and-abused-them-12856117
https://e3.365dm.com/23/04/768x432/skynews-sharon-beshenivsky_6119618.jpg?20230412224510,Sharon Beshenivsky: Man extradited from Pakistan and charged with murder over 2005 killing of PC,13/04/23 06:23,Sad,https://news.sky.com/story/sharon-beshenivsky-man-extradited-from-pakistan-and-charged-with-murder-over-2005-death-of-pc-12856062
https://e3.365dm.com/23/04/768x432/skynews-uk-police_6119653.jpg?20230413003218,Police to spend less time dealing with Twitter spats under government plans to cut 'unnecessary red tape' ,13/04/23 06:23,Provoking,https://news.sky.com/story/police-to-spend-less-time-dealing-with-twitter-spats-under-government-plans-to-cut-unnecessary-red-tape-12856121
https://e3.365dm.com/23/04/768x432/skynews-ireland-all-blacks_6119667.jpg?20230413022431,Joe Biden's 'Black and Tan' gaffe was unfortunate - he might want to stick to the script from now on,13/04/23 06:23,Inspirational,https://news.sky.com/story/joe-bidens-black-and-tan-gaffe-was-unfortunate-he-might-want-to-stick-to-the-script-from-now-on-12856123
https://www.google.com/url?sa=i&url=https%3A%2F%2F1000logos.net%2Fsky-news-logo%2F&psig=AOvVaw2pDid-7NfprcEaBbGH64j1&ust=1681198182470000&source=images&cd=vfe&ved=0CBAQjRxqFwoTCPDU1LXlnv4CFQAAAAAdAAAAABAI,Storm Noa: Travel disruption and person 'missing at sea' in Brighton as UK wind gusts hit 96mph,13/04/23 06:23,Sad,https://news.sky.com/story/storm-noa-travel-disruption-and-person-missing-at-sea-in-brighton-as-uk-wind-gusts-hit-98mph-12856040
https://e3.365dm.com/23/04/768x432/skynews-diabetes-glucose_6119025.jpg?20230412122413,"Diabetes in the UK at its highest level ever, with charity saying more than 5 million Britons live with condition",13/04/23 06:23,Provoking,https://news.sky.com/story/diabetes-in-the-uk-at-its-highest-level-ever-with-charity-saying-more-than-5-million-britons-live-with-condition-12855707
https://e3.365dm.com/23/04/768x432/skynews-arnold-schwarzenegger_6119038.jpg?20230412123442,"'Giant pothole' filled in by Arnold Schwarzenegger was actually a 'service trench' being used by gas company, authorities say",13/04/23 06:23,Sad,https://news.sky.com/story/giant-pothole-filled-in-by-arnold-schwarzenegger-was-actually-a-service-trench-being-used-by-gas-company-authorities-say-12856145
https://e3.365dm.com/23/04/768x432/skynews-tesco-chicken_6119640.png?20230412231525,"UK meat industry and supermarkets including Tesco, Asda, Sainsbury's and Morrisons 'causing illegal deforestation in the Amazon'",13/04/23 06:23,Provoking,https://news.sky.com/story/uk-meat-industry-and-supermarkets-including-tesco-asda-sainsburys-and-morrisons-causing-illegal-deforestation-in-the-amazon-12856107
https://e3.365dm.com/23/04/768x432/skynews-hippo-colombia_6119674.jpg?20230413033616,Hippo descended from Pablo Escobar's herd dies after being hit by a car,13/04/23 06:23,Sad,https://news.sky.com/story/hippo-descended-from-pablo-escobars-herd-dies-after-being-hit-by-a-car-12856136
https://www.google.com/url?sa=i&url=https%3A%2F%2F1000logos.net%2Fsky-news-logo%2F&psig=AOvVaw2pDid-7NfprcEaBbGH64j1&ust=1681198182470000&source=images&cd=vfe&ved=0CBAQjRxqFwoTCPDU1LXlnv4CFQAAAAAdAAAAABAI,Thursday's national newspaper front pages,13/04/23 06:23,Amusing,https://news.sky.com/story/mondays-national-newspaper-front-pages-12427754
https://e3.365dm.com/23/04/768x432/skynews-joe-bide-rishi-sunak_6118984.jpg?20230412145816,Rishi Sunak says UK-US relationship is in 'great shape' - after White House denies Biden is 'anti-British',13/04/23 06:23,Provoking,https://news.sky.com/story/rishi-sunak-says-uk-us-relationship-is-in-great-shape-after-white-house-denies-biden-is-anti-british-12855682
https://e3.365dm.com/23/04/768x432/skynews-joe-biden-ireland-selfie_6119126.jpg?20230412133932,Biden calls for NI Assembly to be restored as he praises Good Friday Agreement in Belfast speech,13/04/23 06:23,Inspirational,https://news.sky.com/story/biden-calls-for-ni-assembly-to-be-restored-as-he-praises-good-friday-agreement-in-belfast-speech-12855762
https://e3.365dm.com/23/04/768x432/skynews-joe-biden-president_6118839.jpg?20230412100651,'I may be Irish but I'm not stupid': Joe Biden's controversial comments on Ireland,13/04/23 06:23,Controversial,https://news.sky.com/story/i-may-be-irish-but-im-not-stupid-joe-bidens-controversial-comments-on-ireland-12855589
https://www.google.com/url?sa=i&url=https%3A%2F%2F1000logos.net%2Fsky-news-logo%2F&psig=AOvVaw2pDid-7NfprcEaBbGH64j1&ust=1681198182470000&source=images&cd=vfe&ved=0CBAQjRxqFwoTCPDU1LXlnv4CFQAAAAAdAAAAABAI,US president Joe Biden and UK prime minister Rishi Sunak hold talks in Belfast,13/04/23 06:23,Amusing,https://news.sky.com/video/us-president-joe-biden-and-uk-prime-minister-rishi-sunak-hold-talks-in-belfast-12855703
https://e3.365dm.com/23/04/768x432/skynews-biden-ireland_6118520.jpg?20230411221454,Biden and Sunak hold talks in Belfast as US president commemorates Good Friday Agreement,13/04/23 06:23,Sad,https://news.sky.com/story/biden-and-sunak-to-hold-bilateral-meeting-in-belfast-as-us-president-commemorates-good-friday-agreement-12855462
https://www.google.com/url?sa=i&url=https%3A%2F%2F1000logos.net%2Fsky-news-logo%2F&psig=AOvVaw2pDid-7NfprcEaBbGH64j1&ust=1681198182470000&source=images&cd=vfe&ved=0CBAQjRxqFwoTCPDU1LXlnv4CFQAAAAAdAAAAABAI,Joe Biden lands in Belfast to begin a four-day visit to Northern Ireland and Ireland,13/04/23 06:23,Amusing,https://news.sky.com/video/joe-biden-lands-in-belfast-to-begin-a-four-day-visit-to-northern-ireland-and-ireland-12855428
https://e3.365dm.com/23/04/768x432/skynews-dr-mark-harmon-doctor_6119496.jpg?20230412200243,'The system is broken': On the A&E frontline on second day of junior doctors' strike,13/04/23 06:23,Sad,https://news.sky.com/story/the-system-is-broken-on-the-a-e-frontline-on-second-day-of-junior-doctors-strike-12856000
https://e3.365dm.com/23/01/768x432/skynews-transgender-protest_6026985.jpg?20230117142016,Why is Scotland's gender recognition reform bill controversial?,13/04/23 06:23,Sad,https://news.sky.com/story/why-is-scotlands-gender-recognition-reform-bill-controversial-12788818
https://e3.365dm.com/23/04/768x432/skynews-ukraine-pentagon_6118871.png?20230412104729,Pentagon leaks and the Ukraine war: What do the highly classified documents say and how did they get out?,13/04/23 06:23,Provoking,https://news.sky.com/story/pentagon-leaks-and-the-ukraine-war-what-do-the-highly-classified-documents-say-and-how-did-they-get-out-12855540
https://e3.365dm.com/23/04/768x432/skynews-tranq-philadelphia_6119517.jpg?20230412202843,'Tranq': The street drug designated as an 'emerging threat to the US' by the White House,13/04/23 06:23,Provoking,https://news.sky.com/story/tranq-the-street-drug-designated-as-an-emerging-threat-to-the-us-by-the-white-house-12856017
https://e3.365dm.com/23/04/768x432/skynews-jay-harrison_6119432.jpg?20230412180054,Patient forced to fund ADHD diagnosis via credit card as almost a million left in limbo ,13/04/23 06:23,Provoking,https://news.sky.com/story/patient-forced-to-fund-adhd-diagnosis-via-credit-card-as-almost-a-million-left-in-limbo-12855968
https://e3.365dm.com/23/04/768x432/skynews-king-queen-consort_6110941.png?20230404185318,Prince Harry to attend King's coronation but Meghan will stay in California,13/04/23 06:23,Provoking,https://news.sky.com/story/harry-to-attend-kings-coronation-but-meghan-will-stay-in-california-12855859
https://e3.365dm.com/23/04/768x432/skynews-jamie-foxx_6119677.jpg?20230413053443,"Jamie Foxx recovering after 'medical complication', family says ",13/04/23 06:23,Provoking,https://news.sky.com/story/jamie-foxx-recovering-after-medical-complication-family-says-12856150
https://e3.365dm.com/23/04/768x432/skynews-pipe-bombs-northern-ireland_6119465.png?20230412192359,"Pipe bombs found in Northern Ireland cemetery 'viable' and attributable to New IRA, police say",13/04/23 06:23,Provoking,https://news.sky.com/story/pipe-bombs-found-in-northern-ireland-cemetery-viable-and-attributable-to-new-ira-police-say-12855994
https://www.google.com/url?sa=i&url=https%3A%2F%2F1000logos.net%2Fsky-news-logo%2F&psig=AOvVaw2pDid-7NfprcEaBbGH64j1&ust=1681198182470000&source=images&cd=vfe&ved=0CBAQjRxqFwoTCPDU1LXlnv4CFQAAAAAdAAAAABAI,Woman who grew food for families struggling with cost of living crisis has garden ruined in attack,13/04/23 06:23,Sad,https://news.sky.com/story/woman-who-grew-food-for-families-struggling-with-cost-of-living-crisis-has-garden-ruined-in-attack-12855760
https://e3.365dm.com/23/04/768x432/skynews-sane-mane-bayern-munich_6119451.jpg?20230412182700,Sadio Mane punched Leroy Sane in face after Bayern Munich's loss to Manchester City in Champions League,13/04/23 06:23,Sad,https://news.sky.com/story/sadio-mane-punched-leroy-sane-in-face-after-bayern-munichs-loss-to-manchester-city-in-champions-league-12855975
https://e3.365dm.com/23/04/768x432/skynews-ukrainian-ukraine_6119317.jpg?20230412155659,"Ukraine war latest: Kyiv assembling 100,000-strong force for 'one shot' at defeating Russia",13/04/23 06:23,Sad,https://news.sky.com/story/ukraine-russia-war-latest-putins-forces-have-built-formidable-obstacles-for-ukraine-in-regaining-territory-12541713
https://www.google.com/url?sa=i&url=https%3A%2F%2F1000logos.net%2Fsky-news-logo%2F&psig=AOvVaw2pDid-7NfprcEaBbGH64j1&ust=1681198182470000&source=images&cd=vfe&ved=0CBAQjRxqFwoTCPDU1LXlnv4CFQAAAAAdAAAAABAI,Joe Biden visit latest: US president gives speech in pub - after DUP responds to his carefully worded plea,13/04/23 06:23,Inspirational,https://news.sky.com/story/joe-biden-visit-latest-us-president-to-travel-to-northern-ireland-today-policing-operation-biggest-in-a-decade-12851061
https://e3.365dm.com/23/03/768x432/skynews-sewage-long-rock-beach_6106184.jpg?20230331190131,'No end in sight' for sewage dumps as Environment Agency figures show year-on-year increase,13/04/23 06:23,Provoking,https://news.sky.com/story/no-end-in-sight-for-sewage-dumps-as-environment-agency-figures-show-year-on-year-increase-12856028
https://e3.365dm.com/23/04/768x432/skynews-joanna-lumley-alastair_6119585.jpg?20230412220751,Here's how Sky News will cover the King's coronation - with Joanna Lumley set to join Kay Burley for the historic event,13/04/23 06:23,Sad,https://news.sky.com/story/heres-how-sky-news-will-cover-the-kings-coronation-with-joanna-lumley-set-to-join-kay-burley-for-the-historic-event-12856056
https://e3.365dm.com/23/03/768x432/skynews-london-ulez-traffic_6102085.jpg?20230328094921,ULEZ: Sadiq Khan's proposed expansion to face legal opposition from Conservative-run councils,13/04/23 06:23,Sad,https://news.sky.com/story/ulez-sadiq-khans-proposed-expansion-to-face-legal-opposition-from-conservative-run-councils-12855955
https://e3.365dm.com/22/11/768x432/skynews-wind-renewable-climate_5982705.jpg?20221130164301,"'End of the fossil age': Oil, gas and coal emissions from electricity set to fall this year",13/04/23 06:23,Provoking,https://news.sky.com/story/end-of-the-fossil-age-oil-gas-and-coal-emissions-from-electricity-set-to-fall-this-year-12855613
https://e3.365dm.com/23/04/768x432/skynews-isar-2-germany-nuclear-power_6117823.jpg?20230411100341,Germany closing its nuclear power plants for good this week,13/04/23 06:23,Sad,https://news.sky.com/story/germany-to-shut-final-three-nuclear-power-plants-as-concern-over-green-energy-targets-grows-12854958
https://e3.365dm.com/23/04/768x432/skynews-china-coal-climate_6112578.jpg?20230406100612,"World builds more coal power in spite of pollution, pledges and coal end-date",13/04/23 06:23,Provoking,https://news.sky.com/story/world-builds-more-coal-power-in-spite-of-pollution-pledges-and-coal-end-date-12851050
https://e3.365dm.com/23/04/768x432/skynews-beef-meat_6112648.jpg?20230406112331,"'Honestly, some people': Internet divided over Sainsbury's beef mince packaging",13/04/23 06:23,Provoking,https://news.sky.com/story/sainsburys-shoppers-criticise-vile-vacuum-packed-beef-mince-even-though-it-saves-on-plastic-12851060
https://e3.365dm.com/23/02/768x432/skynews-daily-climate-show_6067410.jpg?20230223170551,'Damning' report calls for major National Grid changes to prevent UK missing key wind power targets,13/04/23 06:23,Controversial,https://news.sky.com/story/damning-report-calls-for-major-national-grid-changes-to-prevent-uk-missing-key-wind-power-targets-12850663
https://e3.365dm.com/23/04/768x432/skynews-mackerel-fish_6111532.jpg?20230405100329,"Mackerel no longer a sustainable seafood due to overfishing, Marine Conservation Society warns",13/04/23 06:23,Sad,https://news.sky.com/story/mackerel-no-longer-a-sustainable-seafood-due-to-overfishing-marine-conservation-society-warns-12850335
https://e3.365dm.com/22/08/768x432/skynews-drought-spain-weather_5860595.jpg?20220810155245,"Europe could see repeat of last summer's severe droughts, scientists warn",13/04/23 06:24,Sad,https://news.sky.com/story/europe-could-see-repeat-of-last-summers-severe-droughts-scientists-warn-12849643
https://e3.365dm.com/23/04/768x432/skynews-conway-steel-tata-steel_6111858.jpg?20230405143732,Why the British steel industry is on the brink of extinction - or a green resurrection,13/04/23 06:24,Sad,https://news.sky.com/story/why-the-british-steel-industry-is-on-the-brink-of-extinction-or-a-green-resurrection-12850386
https://e3.365dm.com/23/04/768x432/skynews-wet-wipes-sewer_6110063.jpg?20230404014810,Government wet wipe ban plan criticised as rehash of previous proposal,13/04/23 06:24,Controversial,https://news.sky.com/story/government-wet-wipe-ban-plan-criticised-as-rehash-of-previous-proposal-12849491
https://e3.365dm.com/22/08/768x432/skynews-sewage-beach-environment-agency_5873295.jpg?20220823011042,Recycled policy on wet wipes shows the government is dodging bigger issues,13/04/23 06:24,Inspirational,https://news.sky.com/story/recycled-policy-on-wet-wipes-shows-the-government-is-dodging-bigger-issues-12849722
https://e3.365dm.com/23/04/768x432/skynews-aerial-california-rail_6109139.jpg?20230403094356,California lake reappears after 100 years and causes havoc,13/04/23 06:24,Provoking,https://news.sky.com/story/california-lake-reappears-after-100-years-and-causes-havoc-12848946
https://www.google.com/url?sa=i&url=https%3A%2F%2F1000logos.net%2Fsky-news-logo%2F&psig=AOvVaw2pDid-7NfprcEaBbGH64j1&ust=1681198182470000&source=images&cd=vfe&ved=0CBAQjRxqFwoTCPDU1LXlnv4CFQAAAAAdAAAAABAI,Before-and-after images show reservoirs in England boosted by wettest March in 40 years,13/04/23 06:24,Provoking,https://news.sky.com/story/before-and-after-images-show-reservoirs-in-england-boosted-by-wettest-march-in-40-years-12848250
https://www.google.com/url?sa=i&url=https%3A%2F%2F1000logos.net%2Fsky-news-logo%2F&psig=AOvVaw2pDid-7NfprcEaBbGH64j1&ust=1681198182470000&source=images&cd=vfe&ved=0CBAQjRxqFwoTCPDU1LXlnv4CFQAAAAAdAAAAABAI,Pentagon leak: The secret Ukraine files explained ,13/04/23 06:24,Provoking,https://news.sky.com/story/pentagon-leak-the-secret-ukraine-files-explained-12855928
https://www.google.com/url?sa=i&url=https%3A%2F%2F1000logos.net%2Fsky-news-logo%2F&psig=AOvVaw2pDid-7NfprcEaBbGH64j1&ust=1681198182470000&source=images&cd=vfe&ved=0CBAQjRxqFwoTCPDU1LXlnv4CFQAAAAAdAAAAABAI,Are Labour’s attack ads working?    ,13/04/23 06:24,Amusing,https://news.sky.com/story/are-labours-attack-ads-working-12855310
https://www.google.com/url?sa=i&url=https%3A%2F%2F1000logos.net%2Fsky-news-logo%2F&psig=AOvVaw2pDid-7NfprcEaBbGH64j1&ust=1681198182470000&source=images&cd=vfe&ved=0CBAQjRxqFwoTCPDU1LXlnv4CFQAAAAAdAAAAABAI,"CBI boss fired, Greggs’ sustainability and Michelin stars",13/04/23 06:24,Inspirational,https://news.sky.com/story/cbi-boss-fired-greggs-sustainability-and-michelin-stars-12855024
https://e3.365dm.com/23/04/768x432/skynews-covid-death_6117999.jpg?20230411124620,COVID-19 no longer a leading cause of death in England and Wales,13/04/23 06:24,Provoking,https://news.sky.com/story/covid-19-no-longer-a-leading-cause-of-death-in-england-and-wales-12855029
https://e3.365dm.com/23/01/768x432/skynews-covid-19-coronavirus_6035802.jpg?20230125125633,Children under five in Britain who are clinically vulnerable to receive COVID vaccine for first time,13/04/23 06:24,Controversial,https://news.sky.com/story/children-under-five-in-england-and-wales-who-are-clinically-vulnerable-to-receive-covid-vaccine-for-first-time-12851276
https://e3.365dm.com/23/01/768x432/skynews-covid-19-coronavirus_6035807.jpg?20230125125833,COVID booster vaccine drive to begin next week - with five million people in England eligible for jab ,13/04/23 06:24,Provoking,https://news.sky.com/story/covid-booster-vaccine-drive-to-begin-next-week-with-five-million-people-in-england-eligible-for-jab-12846966
https://e3.365dm.com/23/03/768x432/skynews-covid-testing-test_6104765.jpg?20230330182653,Routine COVID testing for symptomatic care home residents in England to end,13/04/23 06:24,Sad,https://news.sky.com/story/routine-covid-testing-for-symptomatic-care-home-residents-in-england-to-end-12845857
https://e3.365dm.com/23/03/768x432/skynews-covid-flu-test_6102007.jpg?20230328081343,"COVID or flu? Ultra-thin sensor 'can detect both within 10 seconds', say scientists",13/04/23 06:24,Sad,https://news.sky.com/story/covid-or-flu-ultra-thin-sensor-can-detect-both-within-10-seconds-say-scientists-12843973
https://e3.365dm.com/20/03/768x432/skynews-boris-johnson-patrick-vallance_4937152.jpg?20230324190911,Partygate inquiry: Sir Patrick Vallance takes aim at Boris Johnson as he says COVID rules were 'for everybody',13/04/23 06:24,Controversial,https://news.sky.com/story/partygate-inquiry-sir-patrick-vallance-takes-aim-at-boris-johnson-as-he-says-covid-rules-were-for-everybody-12841816
https://e3.365dm.com/23/03/768x432/skynews-covid-19-vaccine-period_6097801.jpg?20230323121526,"COVID-19 vaccines do not affect a woman's menstrual cycle, study finds",13/04/23 06:24,Sad,https://news.sky.com/story/covid-19-vaccines-do-not-affect-a-womans-menstrual-cycle-study-finds-12840778
https://e3.365dm.com/23/01/768x432/skynews-covid-testing_6019813.jpg?20230110160705,"COVID-19 infections in England at highest level since start of year, final estimates reveal",13/04/23 06:24,Sad,https://news.sky.com/story/covid-19-infections-in-england-at-highest-level-since-start-of-year-final-estimates-reveal-12841596
https://e3.365dm.com/23/03/768x432/skynews-joe-biden-us_6095536.jpg?20230321105530,Biden vows US will 'declassify' information about COVID's origins,13/04/23 06:24,Provoking,https://news.sky.com/story/biden-vows-us-will-declassify-information-about-covids-origins-12839185
https://e3.365dm.com/23/03/768x432/skynews-rat-new-york_6083038.jpg?20230309112849,"Millions of rats in New York could carry COVID, study finds",13/04/23 06:24,Provoking,https://news.sky.com/story/millions-of-rats-in-new-york-could-carry-covid-study-finds-12829445
https://e3.365dm.com/22/08/768x432/skynews-health-poo-transplant_5881514.jpg?20220830192932,"Constipation, bloating, and diarrhoea among long COVID symptoms",13/04/23 06:24,Provoking,https://news.sky.com/story/constipation-bloating-and-diarrhoea-among-long-covid-symptoms-12829383
https://e3.365dm.com/22/12/768x432/skynews-matt-hancock-house-of-commons_5984720.jpg?20221202141254,Matt Hancock is 'two-faced' and 'was like a headless chicken' during COVID vaccine drive,13/04/23 06:24,Controversial,https://news.sky.com/story/matt-hancock-is-two-faced-and-was-like-a-headless-chicken-during-covid-vaccine-drive-12827051
https://e3.365dm.com/22/11/768x432/skynews-matt-hancock-downing-street_5950820.jpg?20221101111514,"Hancock told aides he wanted to 'frighten the pants off everyone' about COVID, leaked messages say",13/04/23 06:24,Provoking,https://news.sky.com/story/hancock-told-aides-he-wanted-to-frighten-the-pants-off-everyone-to-ensure-compliance-with-covid-rules-leaked-messages-say-12826216
https://e3.365dm.com/20/03/768x432/2372003310025263307_4959560.jpg?20200331204732,Misplaced breathing tube contributed to death of UK's first known child COVID victim,13/04/23 06:24,Inspirational,https://news.sky.com/story/misplaced-breathing-tube-contributed-to-death-of-uks-first-known-child-covid-victim-12823576
https://e3.365dm.com/23/03/768x432/skynews-matt-hancock-isabel-oakeshott_6074272.jpg?20230303102836,Isabel Oakeshott 'makes no apology' over Matt Hancock WhatsApp leak,13/04/23 06:24,Sad,https://news.sky.com/story/matt-hancock-responds-to-leak-of-lockdown-whatsapp-messages-12823380
https://e0.365dm.com/23/04/768x432/skysports-ben-chilwell-red_6119556.jpg?20230412212616,Real Madrid 2-0 Chelsea: Ben Chilwell sent off as Champions League holders Real take control of quarter-final,13/04/23 06:24,Amusing,https://www.skysports.com/share/12854209
https://e0.365dm.com/23/04/768x432/skysports-real-madrid-vinicius-junior_6119583.jpg?20230412220157,Real Madrid-Chelsea player ratings: Vinicius Junior will haunt Wesley Fofana's nightmares after Champions League quarter-final first leg at the Bernabeu,13/04/23 06:24,Provoking,https://www.skysports.com/share/12855958
https://e0.365dm.com/23/04/768x432/skysports-chelsea-joao-felix_6119650.jpg?20230412234006,Chelsea draw yet another blank as Vinicius Junior shows his brilliance - Champions League hits and misses,13/04/23 06:24,Provoking,https://www.skysports.com/share/12855951
https://www.google.com/url?sa=i&url=https%3A%2F%2F1000logos.net%2Fsky-news-logo%2F&psig=AOvVaw2pDid-7NfprcEaBbGH64j1&ust=1681198182470000&source=images&cd=vfe&ved=0CBAQjRxqFwoTCPDU1LXlnv4CFQAAAAAdAAAAABAI,Sky Sports,13/04/23 06:24,Amusing,https://www.sky.com/shop/tv/sports/?dcmp=dmc-skycom:na_news_sscom_gss_shop_skynews
https://www.google.com/url?sa=i&url=https%3A%2F%2F1000logos.net%2Fsky-news-logo%2F&psig=AOvVaw2pDid-7NfprcEaBbGH64j1&ust=1681198182470000&source=images&cd=vfe&ved=0CBAQjRxqFwoTCPDU1LXlnv4CFQAAAAAdAAAAABAI,Sky Cinema,13/04/23 06:24,Amusing,http://www.sky.com/shop/tv/cinema?dcmp=bac-SS.com_AroundSky_Homepage_SkyCinemaUpgradeC
https://ichef.bbci.co.uk/news/976/cpsprodpb/FE96/production/_129347156_gettyimages-1251763352.jpg,North Korea missile launch sparks alarm in Japan,13/04/23 06:54,Sad,https://www.bbc.co.uk/news/world-asia-65259718
https://ichef.bbci.co.uk/news/976/cpsprodpb/ABA8/production/_129344934_r21vaccinationsattanzaniaclinicalsite-credittomwilkinsonuniversityofoxford-1.jpg,Ghana first to approve 'world-changer' malaria vaccine,13/04/23 06:54,Inspirational,https://www.bbc.co.uk/news/health-65252511
https://ichef.bbci.co.uk/news/976/cpsprodpb/E765/production/_128073295_mediaitem128073294.jpg,South Western Railway urges passengers to avoid London Waterloo,13/04/23 06:54,Provoking,https://www.bbc.co.uk/news/uk-england-london-65260212
https://ichef.bbci.co.uk/news/976/cpsprodpb/6724/production/_129340462_missingdogwalker.jpg,Conwy: Sightings in search for missing Ausra Plungiene,13/04/23 06:54,Sad,https://www.bbc.co.uk/news/uk-wales-65256455
https://ichef.bbci.co.uk/news/976/cpsprodpb/102BA/production/_129343266_shahdzorob2.jpg,Personal assistant shortage leaving disabled people 'stuck at home',13/04/23 06:54,Sad,https://www.bbc.co.uk/news/uk-wales-65254308
https://ichef.bbci.co.uk/news/385/cpsprodpb/8C85/production/_129337953_gettyimages-1464693965.jpg,Six things we learned from Elon Musk interview,13/04/23 06:54,Sad,https://www.bbc.co.uk/news/world-us-canada-65251160
https://a1.api.bbc.co.uk/hit.xiti?&col=1&from=p&ptag=js&s=598253&p=horse_racing::sport.horse_racing.story.65228441.page&x1=[urn:bbc:cps:8a6b10e4-8eb6-4d41-81b4-7431c470765a]&x2=[responsive]&x3=[bbc_website]&x4=[en]&x7=[article]&x8=[reverb-3.6.1-nojs]&x11=[SPORT_PS]&x12=[SPORT],Bravemansgame out but Constitution Hill returns as Grand National meeting starts at Aintree,13/04/23 06:54,Amusing,https://www.bbc.co.uk/sport/horse-racing/65228441
https://a1.api.bbc.co.uk/hit.xiti?&col=1&from=p&ptag=js&s=598253&p=football::european::sport.football.european.story.65244881.page&x1=[urn:bbc:cps:a131d315-b397-4647-b8ad-5ff2dcd82f47]&x2=[responsive]&x3=[bbc_website]&x4=[en]&x7=[oppm]&x8=[reverb-3.6.1-nojs]&x11=[SPORT_PS]&x12=[SPORT],AC Milan 1-0 Napoli: Ismael Bennacer strikes as Rossoneri take slender first-leg advantage,13/04/23 06:54,Amusing,https://www.bbc.co.uk/sport/football/65244881
https://i.guim.co.uk/img/media/440b14c0dcfd7cb5397ebd3fd5c09004ed57845f/0_86_4000_2400/master/4000.jpg?width=465&quality=85&dpr=1&s=none,Storm Noa to sweep UK on Wednesday with 70mph winds forecast,13/04/23 06:54,Controversial,https://www.theguardian.com/uk-news/2023/apr/12/storm-noa-uk-weather-wednesday-winds-forecast-met-office-travel
https://e3.365dm.com/23/04/768x432/skynews-ireland-all-blacks_6119667.jpg?20230413022431,Joe Biden's 'Black and Tans' gaffe was unfortunate - he might want to stick to the script from now on,13/04/23 06:54,Sad,https://news.sky.com/story/joe-bidens-black-and-tans-gaffe-was-unfortunate-he-might-want-to-stick-to-the-script-from-now-on-12856123
https://ichef.bbci.co.uk/news/976/cpsprodpb/0E83/production/_115651730_breaking-promo-976.png,UK economy saw no growth in February,13/04/23 07:24,Sad,https://www.bbc.co.uk/news/business-65250170
https://ichef.bbci.co.uk/news/976/cpsprodpb/36A9/production/_129339931_musk_bbc.jpg,Twitter and hate speech: What's the evidence?,13/04/23 07:24,Sad,https://www.bbc.co.uk/news/world-us-canada-65246394
https://a1.api.bbc.co.uk/hit.xiti?&col=1&from=p&ptag=js&s=598253&p=football::sport.football.story.65254722.page&x1=[urn:bbc:cps:00b453fe-73a3-4c10-a692-e8739db03c27]&x2=[responsive]&x3=[bbc_website]&x4=[en]&x7=[article]&x8=[reverb-3.6.1-nojs]&x11=[SPORT_PS]&x12=[SPORT],Erling Haaland record: You tell us the greatest forward you have ever seen,13/04/23 07:24,Amusing,https://www.bbc.co.uk/sport/football/65254722
https://i.guim.co.uk/img/media/ef95570cb82b423532e6a0d748387f47591562cc/193_90_1647_988/master/1647.jpg?width=465&quality=85&dpr=1&s=none,"Golliwog dolls: what are they, and are they illegal to display?",13/04/23 07:24,Amusing,https://www.theguardian.com/uk-news/2023/apr/13/golliwog-dolls-what-are-they-and-are-they-to-display
https://i.guim.co.uk/img/media/b749f0668dce7c0de1d1652073dc8c8b999fd168/64_0_1125_675/master/1125.jpg?width=465&quality=85&dpr=1&s=none,German band may have been refused UK entry ‘because they have day jobs’,13/04/23 07:24,Amusing,https://www.theguardian.com/politics/2023/apr/13/german-band-may-have-been-refused-uk-entry-because-they-have-day-jobs
https://i.guim.co.uk/img/media/89b03fd31c51a74125a05e6b6834b0187d717f19/0_100_3000_1800/master/3000.jpg?width=465&quality=85&dpr=1&s=none,Can artificial intelligence predict weather months in advance?,13/04/23 07:24,Amusing,https://www.theguardian.com/uk-news/2023/apr/13/can-artificial-intelligence-predict-weather-months-in-advance
https://e3.365dm.com/23/02/768x432/skynews-breaking-breaking-news_6070873.jpg?20230329094100,UK economy flatlines with no growth in February as strikes hit productivity,13/04/23 07:24,Provoking,https://news.sky.com/story/uk-economy-flatlines-with-no-growth-in-february-12855748
https://e3.365dm.com/23/04/768x432/skynews-juice-esa-space_6118988.jpg?20230412120111,Juice: The European Space Agency's mission to find alien life on Jupiter's moons,13/04/23 07:24,Provoking,https://news.sky.com/story/juice-the-european-space-agencys-mission-to-find-alien-life-on-jupiters-moons-12855667
https://www.google.com/url?sa=i&url=https%3A%2F%2F1000logos.net%2Fsky-news-logo%2F&psig=AOvVaw2pDid-7NfprcEaBbGH64j1&ust=1681198182470000&source=images&cd=vfe&ved=0CBAQjRxqFwoTCPDU1LXlnv4CFQAAAAAdAAAAABAI,Politics latest: Junior doctors' strike enters third day;  Labour attacks Tory 'tax giveaway for top 1%',13/04/23 07:24,Provoking,https://news.sky.com/story/politics-latest-junior-doctors-strike-enters-third-day-labour-attacks-tory-tax-giveaway-for-top-1-12593360
https://a1.api.bbc.co.uk/hit.xiti?&col=1&from=p&ptag=js&s=598253&p=football::sport.football.live_coverage.65260255.page&x1=[urn:bbc:cps:64595c0c-05a8-4c3f-b712-0b73b9245f22]&x2=[responsive]&x3=[bbc_website]&x4=[en]&x7=[live-coverage]&x8=[reverb-3.6.1-nojs]&x11=[SPORT_PS]&x12=[SPORT],Champions League reaction as Real Madrid take charge against Chelsea,13/04/23 07:54,Amusing,https://www.bbc.co.uk/sport/live/football/65260255
https://e3.365dm.com/23/04/768x432/skynews-north-korea-missile_6119725.jpg?20230413072159,North Korea missile launch sparks panic and evacuations in Japan,13/04/23 07:54,Provoking,https://news.sky.com/story/north-korea-missile-launch-sparks-panic-and-evacuations-in-japan-12856171
